Patient_ID,Mutations,Status
TCGA-17-Z047-01A-01W-0747-08,p.L858R,Sensitizing Only
TCGA-44-5645-01A-01D-1625-08,p.A767_V769dup,Other
TCGA-44-5645-01A-01D-A271-08,p.A767_V769dup,Other
TCGA-50-6673-01A-11D-1945-08,p.H773dup,Other
TCGA-55-8206-01A-11D-2238-08,p.E746_A750del,Sensitizing Only
TCGA-86-8280-01A-11D-2284-08,p.E746_A750del,Sensitizing Only
TCGA-95-7039-01A-11D-1945-08,p.S921R,Other
TCGA-97-8547-01A-11D-2393-08,p.E746_A750del,Sensitizing Only
TCGA-L9-A50W-01A-12D-A397-08,"p.T790M, p.L858R",Co-occurrence
